{
  "LogReg_AAPL": {
    "vol_ratio_5_21": 0.27696008440321973,
    "vol_zscore_21d": 0.25879701015442874,
    "low_vol_flag": 0.17878758087179514,
    "realised_vol_5d": 0.15661192833333556,
    "return_10d": 0.11869095878517241,
    "price_vs_sma_30d": 0.11114445665943848,
    "atr_14d_pct": 0.10601477428903225,
    "rsi_signal": 0.10152462459658534,
    "realised_vol_10d": 0.1008723061743978,
    "ma_cross_10_30": 0.09493996974326344
  },
  "XGBClf_AAPL": {
    "vol_ratio_5_21": 0.20575523376464844,
    "realised_vol_5d": 0.11000046133995056,
    "rsi_14d": 0.08598756790161133,
    "vol_zscore_21d": 0.08335529267787933,
    "price_vs_sma_30d": 0.08231673389673233,
    "return_5d": 0.07754918932914734,
    "return_10d": 0.07608002424240112,
    "ma_cross_10_30": 0.06265720725059509,
    "realised_vol_10d": 0.05988228693604469,
    "atr_14d_pct": 0.0545961931347847
  },
  "XGBReg_AAPL": {
    "vol_ratio_5_21": 0.17817793786525726,
    "vol_zscore_21d": 0.15727773308753967,
    "price_vs_sma_30d": 0.11801581084728241,
    "atr_14d_pct": 0.08948397636413574,
    "realised_vol_10d": 0.0736403614282608,
    "momentum_5_21": 0.07256514579057693,
    "return_5d": 0.07104919105768204,
    "realised_vol_5d": 0.06088116765022278,
    "ma_cross_10_30": 0.055579256266355515,
    "rsi_14d": 0.05222640931606293
  },
  "LogReg_MSFT": {
    "rsi_signal": 0.3570253297788476,
    "high_vol_flag": 0.2290592141118945,
    "realised_vol_5d": 0.18273067594740633,
    "return_10d": 0.12110899362470148,
    "vol_zscore_21d": 0.10956485650667935,
    "realised_vol_10d": 0.10820301904483282,
    "ma_cross_10_30": 0.07507236097650014,
    "rsi_14d": 0.06204106404564607,
    "vol_ratio_5_21": 0.057768780124804686,
    "low_vol_flag": 0.05719562022766886
  },
  "XGBClf_MSFT": {
    "vol_ratio_5_21": 0.16732469201087952,
    "rsi_14d": 0.14948007464408875,
    "price_vs_sma_10d": 0.08816621452569962,
    "price_vs_sma_30d": 0.0861218199133873,
    "realised_vol_5d": 0.08351792395114899,
    "realised_vol_10d": 0.07631487399339676,
    "vol_zscore_21d": 0.0688289999961853,
    "momentum_5_21": 0.06660854071378708,
    "ma_cross_10_30": 0.05451550707221031,
    "return_5d": 0.05427208170294762
  },
  "XGBReg_MSFT": {
    "price_vs_sma_30d": 0.3499166965484619,
    "price_vs_sma_10d": 0.1795874536037445,
    "momentum_5_21": 0.07490401715040207,
    "realised_vol_5d": 0.07225379347801208,
    "rsi_14d": 0.06843405961990356,
    "return_5d": 0.05766220763325691,
    "ma_cross_10_30": 0.04582904279232025,
    "vol_ratio_5_21": 0.04158782958984375,
    "vol_zscore_21d": 0.033583350479602814,
    "atr_14d_pct": 0.03208986669778824
  },
  "LogReg_TSLA": {
    "rsi_14d": 0.32145380156372966,
    "atr_14d_pct": 0.2391233786656762,
    "ma_cross_10_30": 0.21732824195971195,
    "return_10d": 0.21595008626086493,
    "price_vs_sma_30d": 0.19560734028022386,
    "high_vol_flag": 0.15326883832746938,
    "vol_ratio_5_21": 0.08503360248388511,
    "realised_vol_5d": 0.07804490524673807,
    "return_5d": 0.07192821275726585,
    "realised_vol_10d": 0.06744210088915298
  },
  "XGBClf_TSLA": {
    "rsi_14d": 0.1669657826423645,
    "price_vs_sma_30d": 0.15213052928447723,
    "atr_14d_pct": 0.09825284034013748,
    "ma_cross_10_30": 0.08778738230466843,
    "vol_ratio_5_21": 0.07755780220031738,
    "realised_vol_5d": 0.07452650368213654,
    "return_10d": 0.07381364703178406,
    "realised_vol_10d": 0.06316269934177399,
    "momentum_5_21": 0.05629162862896919,
    "vol_zscore_21d": 0.05578552931547165
  },
  "XGBReg_TSLA": {
    "ma_cross_10_30": 0.2550036609172821,
    "price_vs_sma_30d": 0.18248412013053894,
    "price_vs_sma_10d": 0.08272391557693481,
    "atr_14d_pct": 0.06437176465988159,
    "rsi_14d": 0.0626443549990654,
    "realised_vol_10d": 0.05954783409833908,
    "momentum_5_21": 0.057975903153419495,
    "return_10d": 0.05512689799070358,
    "vol_ratio_5_21": 0.051539331674575806,
    "return_5d": 0.04846523702144623
  },
  "LogReg_POOLED": {
    "vol_zscore_21d": 0.2733943403595729,
    "vol_ratio_5_21": 0.2548031387841858,
    "atr_14d_pct": 0.2453379045619196,
    "return_10d": 0.21571923419028077,
    "realised_vol_5d": 0.2146224787617516,
    "realised_vol_10d": 0.1625349554727768,
    "momentum_5_21": 0.09878437252306954,
    "rsi_14d": 0.08223778618803204,
    "low_vol_flag": 0.05638190411665223,
    "return_5d": 0.03233803911393602
  },
  "XGBClf_POOLED": {
    "realised_vol_5d": 0.13463978469371796,
    "vol_ratio_5_21": 0.11693334579467773,
    "rsi_14d": 0.09301258623600006,
    "return_10d": 0.08370882272720337,
    "realised_vol_10d": 0.08330446481704712,
    "atr_14d_pct": 0.08041185885667801,
    "return_5d": 0.08024432510137558,
    "ma_cross_10_30": 0.07634971290826797,
    "vol_zscore_21d": 0.06674760580062866,
    "price_vs_sma_30d": 0.06417129933834076
  },
  "XGBReg_POOLED": {
    "return_5d": 0.15459509193897247,
    "price_vs_sma_30d": 0.10108748078346252,
    "realised_vol_5d": 0.09337303787469864,
    "price_vs_sma_10d": 0.0814116820693016,
    "atr_14d_pct": 0.080192431807518,
    "ma_cross_10_30": 0.07987479865550995,
    "momentum_5_21": 0.07963842898607254,
    "realised_vol_10d": 0.07865925133228302,
    "vol_zscore_21d": 0.07140010595321655,
    "rsi_14d": 0.06941139698028564
  }
}